{
  "id": "me5e-v141",
  "title": "Mass Effect 5e",
  "description": "A module to add support for Mass Effect 5e, an adaptation of the Mass Effect sci-fi universe to work with the dnd5e system.",
  "esmodules": [
    "src/me5e.js"
  ],
  "flags": {
    "compatible": [
      "dnd5e"
    ]
  },
  "styles": [
    "styles/me5e.css",
    "styles/paragon.css",
    "styles/renegade.css"
  ],
  "packs": [
    {
      "name": "backgrounds-me5e",
      "label": "Backgrounds (ME5e)",
      "system": "dnd5e",
      "path": "packs/backgrounds-me5e",
      "type": "Item",
      "flags": {},
      "ownership": {
        "PLAYER": "OBSERVER",
        "ASSISTANT": "OWNER"
      }
    },
    {
      "name": "bestiary-me5e",
      "label": "Bestiary (ME5e)",
      "system": "dnd5e",
      "path": "packs/bestiary-me5e",
      "type": "Actor",
      "flags": {},
      "ownership": {
        "PLAYER": "OBSERVER",
        "ASSISTANT": "OWNER"
      }
    },
    {
      "name": "classes-me5e-v141",
      "label": "Classes (ME5e)",
      "system": "dnd5e",
      "path": "packs/classes-me5e-v141",
      "type": "Item",
      "flags": {},
      "ownership": {
        "PLAYER": "OBSERVER",
        "ASSISTANT": "OWNER"
      }
    },
    {
      "name": "subclasses-me5e-v141",
      "label": "Subclasses (ME5e)",
      "system": "dnd5e",
      "path": "packs/subclasses-me5e-v141",
      "type": "Item",
      "flags": {},
      "ownership": {
        "PLAYER": "OBSERVER",
        "ASSISTANT": "OWNER"
      }
    },
    {
      "name": "class-features-me5e-v141",
      "label": "Class Features (ME5e)",
      "system": "dnd5e",
      "path": "packs/class-features-me5e-v141",
      "type": "Item",
      "flags": {},
      "ownership": {
        "PLAYER": "OBSERVER",
        "ASSISTANT": "OWNER"
      }
    },
    {
      "name": "feats-me5e",
      "label": "Feats (ME5e)",
      "system": "dnd5e",
      "path": "packs/feats-me5e",
      "type": "Item",
      "flags": {},
      "ownership": {
        "PLAYER": "OBSERVER",
        "ASSISTANT": "OWNER"
      }
    },
    {
      "name": "item-weapons-v141",
      "label": "Item Weapons (ME5e)",
      "system": "dnd5e",
      "path": "packs/item-weapons-v141",
      "type": "Item",
      "flags": {},
      "ownership": {
        "PLAYER": "OBSERVER",
        "ASSISTANT": "OWNER"
      }
    },
    {
      "name": "item-armor-v141",
      "label": "Item Armor (ME5e)",
      "system": "dnd5e",
      "path": "packs/item-armor-v141",
      "type": "Item",
      "flags": {},
      "ownership": {
        "PLAYER": "OBSERVER",
        "ASSISTANT": "OWNER"
      }
    },
    {
      "name": "item-gear-v141",
      "label": "Item Gear (ME5e)",
      "system": "dnd5e",
      "path": "packs/item-gear-v141",
      "type": "Item",
      "flags": {},
      "ownership": {
        "PLAYER": "OBSERVER",
        "ASSISTANT": "OWNER"
      }
    },
    {
      "name": "item-mods-v141",
      "label": "Item Mods (ME5e)",
      "system": "dnd5e",
      "path": "packs/item-mods-v141",
      "type": "Item",
      "flags": {},
      "ownership": {
        "PLAYER": "OBSERVER",
        "ASSISTANT": "OWNER"
      }
    },
    {
      "name": "powers-me5e",
      "label": "Powers (ME5e)",
      "system": "dnd5e",
      "path": "packs/powers-me5e",
      "type": "Item",
      "flags": {},
      "ownership": {
        "PLAYER": "OBSERVER",
        "ASSISTANT": "OWNER"
      }
    },
    {
      "name": "vehiclesme5e",
      "label": "Vehicles (ME5e)",
      "system": "dnd5e",
      "path": "packs/vehiclesme5e",
      "type": "Actor",
      "flags": {},
      "ownership": {
        "PLAYER": "OBSERVER",
        "ASSISTANT": "OWNER"
      }
    },
    {
      "name": "species-me5e-14",
      "label": "Species (ME5e)",
      "system": "dnd5e",
      "path": "packs/species-me5e-14",
      "type": "Item",
      "flags": {},
      "ownership": {
        "PLAYER": "OBSERVER",
        "ASSISTANT": "OWNER"
      }
    },
    {
      "name": "racial-features-me5e-14",
      "label": "Racial Features (ME5e)",
      "system": "dnd5e",
      "path": "packs/racial-features-me5e-14",
      "type": "Item",
      "flags": {},
      "ownership": {
        "PLAYER": "OBSERVER",
        "ASSISTANT": "OWNER"
      }
    },
    {
      "name": "weapon-properties",
      "label": "Weapon Properties (ME5e)",
      "system": "dnd5e",
      "path": "packs/weapon-properties",
      "type": "JournalEntry",
      "flags": {},
      "ownership": {
        "PLAYER": "OBSERVER",
        "ASSISTANT": "OWNER"
      }
    },
    {
      "name": "ME5e-Rules",
      "label": "ME5e Rules",
      "system": "dnd5e",
      "path": "packs/me5e-rules",
      "type": "JournalEntry",
      "flags": {},
      "ownership": {
        "PLAYER": "OBSERVER",
        "ASSISTANT": "OWNER"
      }
    },
    {
      "name": "ME5e-RollTables",
      "label": "ME5e RollTables",
      "system": "dnd5e",
      "path": "packs/me5e-rolls",
      "type": "RollTable",
      "flags": {},
      "ownership": {
        "PLAYER": "OBSERVER",
        "ASSISTANT": "OWNER"
      }
    }
  ],
  "languages": [
    {
      "lang": "en",
      "name": "English",
      "path": "lang/en.json",
      "flags": {}
    },
    {
      "lang": "es",
      "name": "Español",
      "path": "lang/es.json",
      "flags": {}
    }
  ],
  "relationships": {
    "systems": [
      {
        "id": "dnd5e",
        "type": "system",
        "compatibility": {
          "minimum": "2.0.3",
          "verified": "2.0.3"
        }
      }
    ],
    "requires": [
      {
        "id": "dae",
        "type": "module",
        "compatibility": {}
      }
    ]
  },
  "authors": [
    {
      "name": "Astrotech89",
      "url": "https://github.com/Astrotech89",
      "flags": {}
    },
    {
      "name": "marxpark00",
      "url": "https://github.com/marxpark00",
      "flags": {}
    }
  ],
  "version": "1.1.0",
  "compatibility": {
    "minimum": "12",
    "verified": "12.328",
    "maximum": "12"
  },
  "url": "https://github.com/Astrotech89/me5e-v141",
  "manifest": "https://github.com/Astrotech89/me5e-v141/releases/latest/download/module.json",
  "download": "https://github.com/Astrotech89/me5e-v141/releases/latest/download/module.zip",
  "readme": "https://github.com/Astrotech89/me5e-v141/raw/main/README.md"
}