{
  "id": "me5e-v141",
  "title": "Mass Effect 5e",
  "description": "A module to add support for Mass Effect 5e, an adaptation of the Mass Effect sci-fi universe to work with the dnd5e system.",
  
  "esmodules": [
    "src/me5e.js"
  ],

  "styles": [
    "styles/me5e.css",
    "styles/paragon.css",
    "styles/renegade.css"
  ],
  "packs": [
    {
      "name": "backgrounds-me5e",
      "label": "Backgrounds",
      "system": "dnd5e",
      "path": "packs/backgrounds-me5e",
      "type": "Item",
      "flags": {},
      "ownership": {
        "PLAYER": "OBSERVER",
        "ASSISTANT": "OWNER"
      }
    },
    {
      "name": "bestiary-me5e",
      "label": "Bestiary",
      "system": "dnd5e",
      "path": "packs/bestiary-me5e",
      "type": "Actor",
      "flags": {},
      "ownership": {
        "PLAYER": "OBSERVER",
        "ASSISTANT": "OWNER"
      }
    },
    {
      "name": "classes-me5e-v141",
      "label": "Classes",
      "system": "dnd5e",
      "path": "packs/classes-me5e-v141",
      "type": "Item",
      "flags": {},
      "ownership": {
        "PLAYER": "OBSERVER",
        "ASSISTANT": "OWNER"
      }
    },
    {
      "name": "subclasses-me5e-v141",
      "label": "Subclasses",
      "system": "dnd5e",
      "path": "packs/subclasses-me5e-v141",
      "type": "Item",
      "flags": {},
      "ownership": {
        "PLAYER": "OBSERVER",
        "ASSISTANT": "OWNER"
      }
    },
    {
      "name": "class-features-me5e-v141",
      "label": "Class Features",
      "system": "dnd5e",
      "path": "packs/class-features-me5e-v141",
      "type": "Item",
      "flags": {},
      "ownership": {
        "PLAYER": "OBSERVER",
        "ASSISTANT": "OWNER"
      }
    },
    {
      "name": "feats-me5e",
      "label": "Feats",
      "system": "dnd5e",
      "path": "packs/feats-me5e",
      "type": "Item",
      "flags": {},
      "ownership": {
        "PLAYER": "OBSERVER",
        "ASSISTANT": "OWNER"
      }
    },
    {
      "name": "items",
      "label": "Items",
      "system": "dnd5e",
      "path": "packs/items",
      "type": "Item",
      "flags": {},
      "ownership": {
        "PLAYER": "OBSERVER",
        "ASSISTANT": "OWNER"
      }
    },
    {
      "name": "powers-me5e",
      "label": "Powers",
      "system": "dnd5e",
      "path": "packs/powers-me5e",
      "type": "Item",
      "flags": {},
      "ownership": {
        "PLAYER": "OBSERVER",
        "ASSISTANT": "OWNER"
      }
    },
    {
      "name": "vehiclesme5e",
      "label": "Vehicles",
      "system": "dnd5e",
      "path": "packs/vehiclesme5e",
      "type": "Actor",
      "flags": {},
      "ownership": {
        "PLAYER": "OBSERVER",
        "ASSISTANT": "OWNER"
      }
    },
    {
      "name": "species-me5e-14",
      "label": "Species",
      "system": "dnd5e",
      "path": "packs/species-me5e-14",
      "type": "Item",
      "flags": {},
      "ownership": {
        "PLAYER": "OBSERVER",
        "ASSISTANT": "OWNER"
      }
    },
    {
      "name": "racial-features-me5e-14",
      "label": "Racial Features",
      "system": "dnd5e",
      "path": "packs/racial-features-me5e-14",
      "type": "Item",
      "flags": {},
      "ownership": {
        "PLAYER": "OBSERVER",
        "ASSISTANT": "OWNER"
      }
    },
    {
      "name": "weapon-properties",
      "label": "Weapon Properties",
      "system": "dnd5e",
      "path": "packs/weapon-properties",
      "type": "JournalEntry",
      "flags": {},
      "ownership": {
        "PLAYER": "OBSERVER",
        "ASSISTANT": "OWNER"
      }
    },
    {
      "name": "ME5e-Rules",
      "label": "ME5e Rules",
      "system": "dnd5e",
      "path": "packs/me5e-rules",
      "type": "JournalEntry",
      "flags": {},
      "ownership": {
        "PLAYER": "OBSERVER",
        "ASSISTANT": "OWNER"
      }
    },
    {
      "name": "ME5e-RollTables",
      "label": "Tables",
      "system": "dnd5e",
      "path": "packs/me5e-rolls",
      "type": "RollTable",
      "flags": {},
      "ownership": {
        "PLAYER": "OBSERVER",
        "ASSISTANT": "OWNER"
      }
    }
  ],
  "languages": [
    {
      "lang": "en",
      "name": "English",
      "path": "lang/en.json",
      "flags": {}
    },
    {
      "lang": "es",
      "name": "Español",
      "path": "lang/es.json",
      "flags": {}
    }
  ],

  "packFolders": [
    {
      "name": "Mass Effect 5e",
      "sorting": "a",
      "color": "#230ebe",
      "packs": [
        "bestiary-me5e",        
        "ME5e-RollTables",
        "vehiclesme5e",
        "ME5e-Rules"
      ],
      "folders": [
          {
              "name": "Character Features",
              "sorting": "m",
              "color": "#230ebe",
              "packs": [
                  "backgrounds-me5e",
                  "species-me5e-14",
                  "subclasses-me5e-v141",
                  "class-features-me5e-v141",
                  "feats-me5e",
                  "classes-me5e-v141",
                  "racial-features-me5e-14"
              ]
          },
          {
              "name": "Items & Powers",
              "sorting": "m",
              "color": "#230ebe",
              "packs": [
                  "items",
                  "powers-me5e",
                  "weapon-properties"
              ]
          }      
      ]
    }
  ],
  
  "relationships": {
    "systems": [
      {
        "id": "dnd5e",
        "type": "system",
        "compatibility": {
          "minimum": "2.0.3",
          "verified": "2.0.3"
        }
      }
    ]
  },
  "authors": [
    {
      "name": "Astrotech89",
      "url": "https://github.com/Astrotech89",
      "flags": {}
    },
    {
      "name": "marxpark00",
      "url": "https://github.com/marxpark00",
      "flags": {}
    }
  ],
  
  "version": "1.1.2",
  
  "compatibility": {
    "minimum": "12",
    "verified": "12",
    "maximum": "12"
  },


  
  "url": "https://github.com/Astrotech89/me5e-v141",
  "manifest": "https://github.com/Astrotech89/me5e-v141/releases/latest/download/module.json",
  "download": "https://github.com/Astrotech89/me5e-v141/releases/latest/download/module.zip",
  "readme": "https://github.com/Astrotech89/me5e-v141/raw/main/README.md"
  
  
  
}